,var 0,var 1,var 2,var 3,var 4,var 5,var 6,var 7,var 8,var 9,var 10,var 11,var 12,var 13,var 14,var 15,var 16,var 17,var 18,var 19,var 20,var 21,var 22,var 23,var 24,var 25,var 26,var 27,var 28,var 29,var 30,var 31,var 32,var 33,var 34,var 35,var 36,var 37,var 38,var 39,var 40,var 41,var 42,var 43,var 44,var 45,var 46,var 47,var 48,var 49,var 50,var 51,var 52,var 53,var 54,var 55,var 56,var 57,var 58,var 59,var 60,var 61,var 62,var 63,var 64,var 65,var 66,var 67,var 68,var 69,var 70,var 71,var 72,var 73,var 74,var 75,var 76,var 77,var 78,var 79,var 80,var 81,var 82,var 83,var 84,var 85,var 86,var 87,var 88,var 89,var 90,var 91,var 92,var 93,var 94,var 95,var 96,var 97,var 98,var 99,obj 0,obj 1,obj 2,obj 3,obj 4,obj 5,obj 6,obj 7
0,0.0265134165672,0.0298110352795,0.0256131158935,0.0176515071434,0.0176993847045,0.0394693150743,0.0254270400368,0.00642232932942,0.0136121367773,0.0175537998916,0.0101423970968,0.00288824854152,0.0229517843157,0.011266527615,0.0258406974442,0.0181107865752,0.0253866376378,0.0130965294706,0.00975400034553,0.0302269613337,0.015421738773,0.0155521844059,0.0132924458591,0.0250804022298,0.0175907229066,0.00946659670871,0.0236585543218,0.0248219759084,0.020721792842,0.0257450113749,0.0355863825648,0.0256610451835,0.0285215102065,0.0280082567103,0.0212151026085,0.026911119201,0.0174925902673,0.0401138326807,0.0214801039883,0.0205342061791,0.0209037944016,0.00741500948916,0.0182804425579,0.0283466669415,0.0249199924734,0.0428182900162,0.00809538932533,0.0223889341015,0.0127335893777,0.0355001505189,0.0229133178931,0.0202962262645,0.0200564879866,0.0248599800712,0.0453726846522,0.00740957040354,0.0120183440107,0.0188363090561,0.0159209382728,0.0280454428282,0.0165908117603,0.0254495541458,0.0220921258392,0.0213653722301,0.00759566719131,0.0295446919944,0.0377557279684,0.0137898474219,0.0104322153634,0.0169420782067,0.0314917994797,0.0129830454807,0.0303685055526,0.0146934055437,0.0265205483509,0.0264179197107,0.0150318885557,0.0261981272978,0.0338098736102,0.0284421027291,0.0200678516145,0.0112984057628,0.0168097081736,0.0349739990097,0.028634608641,0.0119095946695,0.000205279828563,0.03989827813,0.0348649617228,0.0239684671651,0.0284110040017,0.0127747430088,0.027199077225,0.0209438521516,0.0122253020122,0.0383379521037,0.0188070582989,0.0313994908059,0.0251683736436,0.0228566251986,2.72114806827,3.14140643168,-0.250025166787,0.116448039297,-0.969696969697,3.33066907388e-16,-0.658804666667,0.399919587723
1,0.0436830331207,0.0470013837868,0.0304616599561,0.0107518433181,0.0161509750681,0.0308386707581,0.0250092034263,0.0211596823501,0.0218694785206,0.00713022533331,0.00266245007577,0.0228669166,0.00722988935672,0.00919698579107,0.019394345336,0.0102130534776,0.0137899499528,0.0128685009067,0.0190935505021,0.0177468048912,0.00897935561579,0.00186382755598,0.00884539506284,0.0195774110881,0.00142753853818,0.0106732658003,0.0106000971791,0.0165976550537,0.00745007512211,0.0268714212913,0.0198783153745,0.010621188169,0.0227228759724,0.0111747963066,0.0142492112799,0.0101315960219,0.00996823128002,0.000203538205717,0.0179565032717,0.00694982519289,0.0353968004972,0.00855493083491,0.00800783320051,0.0167017099836,0.0249549309729,0.022403196898,0.00303212344716,0.0132576358628,0.00435415082279,9.3682144277e-05,0.0130649717288,0.00574845773212,0.00390282915598,0.0124001285417,0.0209682248824,0.00308896536019,0.00788216600937,0.00996488436784,0.00157462480747,0.0246726574429,0.00276278644393,0.00682800336005,0.00874462353685,0.0120562420908,0.00630335680851,0.0189292374776,0.0201702178366,0.0280015939563,0.00815923913531,0.0097636221279,0.0204991405878,0.0049611271314,0.0320462020662,0.0163249988845,0.0152647150832,0.0102205926598,0.0160516596309,0.0106894207678,0.0176670212606,0.00339736077438,0.000830265571263,0.0169207329901,0.0143740815806,0.00733279344424,0.0412455362218,0.0284630212811,0.0196691472246,0.0202770290594,0.0207538306395,0.0313224465145,0.0115242964867,0.0147762536114,0.0240054743555,0.0229960475133,0.0114252268572,0.0118626820766,0.0267865284083,0.0365654723029,0.0209666011006,0.00446356317142,2.13709942819,3.01141879725,-0.200032365353,0.0743978033515,-0.979797979798,1.11022302463e-16,-0.730242,0.39995052768
2,0.05,0.0432488602243,0.0498852567842,0.0459605116745,0.0448312274451,0.0336886903184,0.05,0.05,0.05,0.0491874685999,0.0468896111301,0.0448852979141,0.0482836912382,0.0297416270896,0.0382025715164,0.0403689511389,0.05,0.05,0.0465108366675,0.0267801044688,0.0443450682115,0.0275531580619,0.0454511006352,0.0470409978523,0.0316237217296,0.0324957925983,0.0331293042545,0.0345526164478,0.0305082119838,0.0326163188165,0.0368683994484,0.0313710041068,0.0269426877627,0.0140940359012,0.0472071692457,0.04425132141,0.0301761406455,0.043269777657,0.031741953915,0.0248742142863,0.0398430301086,0.0246489575792,0.0142186786001,0.0353629622807,0.0422048657998,0.040784752751,0.0230166637514,0.010489194214,0.036249095398,0.0296427363017,0.0414343329592,0.0217452120087,0.00304382784305,0.0205025762018,0.0417557855865,0.0338531540553,0.0464665404163,0.0301309363575,0.0233015822417,0.0237782516213,0.00656569097187,0.0495556799461,0.0352826317725,0.0326563528582,0.0313060691304,0.0329345299489,0.0158554205179,0.0156251439079,0.024847807578,0.0221531308349,0.0382170413551,0.0468684119398,0.0291992485475,0.0123242689171,0.0358837807052,0.0175599556214,0.00906509735134,0.0475033085205,0.0360568307175,0.0205018384794,0.0243189883591,0.00448859461726,0.0365121150744,0.0417418802488,0.0168797067433,0.0,0.021893800052,0.0377490718427,0.0258653247662,0.0290228085194,0.0437220967593,0.0321836215138,0.0348165389348,0.0228854273242,0.0174063619267,0.0319119159182,0.013751489666,0.017302570848,0.0318109242552,0.0475681621116,3.18092555627,3.04790578544,-0.450201525703,0.17211223804,-0.989898989899,2.22044604925e-16,-0.508287333333,0.436934595634
3,0.0393138433512,0.0353932120578,0.0334701477587,0.0326316468702,0.0223502418945,0.0411002073366,0.0359208032549,0.0305542607946,0.0332952482753,0.0290469515528,0.0233070356659,0.0154460573612,0.0249677657724,0.00505518026907,0.0174734424524,0.0139171335512,0.0143244633548,0.00963309748986,0.0218883854586,0.00828724136529,0.0260082370574,0.0143972574856,0.0103044293868,0.0301424417863,0.0212853921081,0.0175742032468,0.00550935041357,0.0256627505081,0.0160284573525,0.0272437329846,0.0209625922225,0.00663246236257,0.0115935696802,0.0195487522593,0.0111973451591,0.0115548342358,0.0183753113177,0.0242098353696,0.0151774094002,0.00882698394874,0.0225285723267,0.00301430758515,0.0110967810249,0.00412277539038,0.0248509459471,0.0291818590009,0.0201508554368,0.016368159892,0.00938578765112,0.0200410562399,0.0212992339781,0.0222650717553,0.00477185746814,0.0268258995191,0.00865817546823,0.0104259011127,0.0211863014943,0.00924321565096,0.0064947864301,0.00832111234016,0.011635786897,0.00724270464971,0.0166166460831,0.00683200688424,0.00916324657369,0.0143703622431,0.0198882188363,0.0,0.0103396079829,0.0173933631519,0.021979805661,0.00964185265074,0.0211117935717,0.00236707974746,0.0310253822515,0.0257553157225,0.0153914676443,0.0216338406162,0.016179558266,0.0182482157895,0.00425327421065,0.0186527616844,0.0125818074125,0.0173177044556,0.0225536360685,0.00519042661666,0.0226230974496,0.00763818744667,0.00852759973269,0.0170389439127,0.00606093907584,0.0112737173659,0.0257459525104,0.02334999002,0.0172651802957,0.0118896408769,0.012545758058,0.0246988755762,0.0161835687304,0.0361827394269,2.44035308905,3.08229192416,-0.250204326493,0.087975285881,-1.0,0.0,-0.661828666667,0.424715973721
4,0.0352835231344,0.0370377310262,0.000883403736784,0.0,0.0,0.0269404662156,0.00888887531462,0.000122964573496,0.00848297639593,0.0,0.0,0.0,0.00649923107272,0.0,0.0,0.0,0.0,0.0,0.0,0.0,0.0,0.0,9.66521972506e-06,0.00794992772496,5.74132595792e-06,0.0022230669512,0.00204878292679,0.0,0.0,0.0231738281257,0.0,0.000124666195961,0.00165815308092,0.0322474908131,0.020025465223,0.00435269886031,0.0,0.0,0.0196136151767,0.0,0.0167028877084,0.00316111394278,0.0,0.0,0.0109200151253,0.0194097842055,0.0301979734437,0.0164257631443,0.0203487175288,0.00344680355083,0.00251178371761,0.00157676260024,0.0,0.0261086875561,0.0182839173399,0.00217789572776,0.0488012168708,0.0301592694782,4.74939160749e-06,0.0,0.029084054714,0.01067548039,0.0,0.00620882258322,0.0233964903563,0.00678275148542,0.0336291352266,0.0143081678243,0.0180879545671,0.00920043437601,0.0117125017083,0.0138878726527,0.0252249465872,0.0172540217678,0.0,0.00056126943104,0.000193917987169,0.00886611449739,0.0104326182522,0.00658796078383,0.02990600662,0.021502911783,0.00452677572663,6.81628544557e-05,0.00149358383891,0.00704388711765,1.77034785356e-06,0.0112158288822,0.0116336984781,0.0,0.0303569101583,0.0173750994069,0.000224840163771,0.00482634163741,0.0249401751301,0.0340510989255,0.0219527582223,0.00772632373444,0.0139360684468,0.0345479082397,1.96906665809,2.93117185394,-0.1001093475,0.0498469520101,-0.969696969697,3.33066907388e-16,-0.782053333333,0.348189332915
5,0.05,0.0475729963867,0.05,0.05,0.05,0.0330105529666,0.0481972021471,0.0492097915495,0.05,0.05,0.05,0.05,0.05,0.0482814776985,0.035168995464,0.05,0.0493886956513,0.05,0.0475587311111,0.0289072029456,0.05,0.0350392685849,0.0485100317271,0.0492154421564,0.0444680066739,0.0484120880146,0.0481637911657,0.05,0.0305480401652,0.0346466640748,0.05,0.0294358701039,0.0436599206281,0.016360335952,0.05,0.0481923172691,0.0488443402802,0.049745035548,0.00778807010841,0.0301936720792,0.0123112510686,0.0405739220825,0.0189972918468,0.0357761890084,0.05,0.05,0.0393501061377,0.05,0.05,0.0,0.0390062145931,0.05,0.00241120596893,0.0,0.0498884353753,0.0306735851781,0.05,0.05,0.05,0.0280989274779,0.039627119454,0.032692258776,0.0491014690366,0.0454000608177,0.0298415842885,0.0117882185576,0.046488017909,0.05,0.0443546123245,0.0277857712757,0.05,0.05,0.03812028356,0.0132532984643,0.0496946431228,0.0335541414072,0.0228814604322,0.010760653423,0.05,0.0244372215919,0.0309625768662,0.0,0.0354435641803,0.05,0.0103824186795,0.000927422127353,0.0314631203342,0.05,0.0446663431578,0.0427142589349,0.0378715586006,0.0498380065727,0.0398106468169,0.0167040066808,0.0195197852389,0.0144634324645,0.0196495729454,0.0147194996794,0.000246926238548,0.0477388021377,3.34372132884,3.05606015371,-0.500013908193,0.199990999537,-0.878787878788,2.22044604925e-16,-0.477084,0.433886371876
6,0.0462690457832,0.045580103122,0.0438568597979,0.0450915432662,0.0280145942682,0.0287319310775,0.0457346733974,0.0286436265169,0.0158413047357,0.0414340231431,0.0491143504231,0.0467445700775,0.0314847966873,0.0361559269322,0.0406330950131,0.0344187019144,0.0456751179063,0.0479250689206,0.0485331279467,0.0410534447444,0.036305205066,0.0368209735533,0.0451912916426,0.0428960571586,0.0406944827481,0.0239577069928,0.0415158391938,0.0427832299955,0.0404462241871,0.0425111538942,0.0317456576277,0.0224170005278,0.0188766935797,0.0292226091372,0.012018965507,0.0350380673296,0.0292066693632,0.0140492803095,0.0131134242759,0.0,0.0298620083788,0.0190370124303,0.0127512546366,0.00392166560981,0.00929437123243,0.0195404062676,0.0173427360911,0.00310038793539,0.0169041909993,0.0199622562095,0.0137193947385,0.0138932561372,0.0102157954249,0.00139746971551,0.0205229032929,0.00953247950956,0.0168674494605,0.0136212312789,0.00301760320134,0.0246258123715,0.0070259784849,0.00581726665977,0.0202035445879,0.00389694439126,0.00057311201156,0.0228590423765,0.00351392024837,0.0117420527482,0.0179161226983,0.0183125746526,0.00908349454989,0.0108724044404,0.0088069057876,0.0120839770592,0.0112938054001,0.0109040479798,0.0185025979132,0.00654224267313,0.00162730976032,0.0169466008554,0.0,0.0026871737954,0.00920729361713,0.0325566143626,0.0163772306707,0.0,0.00803962513779,0.010492667152,0.019350222626,0.0147557600032,0.00256952757921,0.00576301172758,0.00449012537478,0.0133845681021,0.00677213653065,0.0125185013733,0.00313473642419,0.00776254004367,0.0301168232624,0.0435287574179,2.97881038299,3.07449688738,-0.35977229159,0.114232069963,-1.0,0.0,-0.551831333333,0.440145758227
7,0.0475092434745,0.039754178056,0.027729226304,0.0291616355456,0.0163762762562,0.0419732033995,0.0340048539012,0.0151436095684,0.027478683439,0.0237484354769,0.0183804659527,0.014597647579,0.0136693624397,0.000755395844375,0.0154203173783,0.0110496650324,0.00880742063432,0.000580326949435,0.0199407794609,0.00263332422435,0.0238938984796,0.0,0.000296289984378,0.0301431430507,0.0136414242242,0.0171752404266,0.0,0.0146879524422,0.0125352638159,0.0148403677302,0.0122682176164,0.0,0.00726107683816,0.0159587281583,0.0100224198442,0.0,0.0121050541017,0.0241177563433,0.0132614949754,0.0055734991121,0.0154687578095,0.00026534265172,0.0,0.0,0.0225444681474,0.0243958589011,0.00871063486177,0.0126674577802,0.00189818277544,0.00597371627949,0.0171601399435,0.0202636209829,0.00146293686349,0.0193969572428,4.64374756728e-05,0.015027690857,0.0180157346253,0.000187597840345,0.00120549433062,0.0177263627452,0.0121980563795,0.000214400389659,0.0130599532197,0.00137355597578,0.00250552321286,0.0115678439409,0.0,9.86790823054e-05,0.00691361496057,0.016069481001,0.0187724954275,0.0,0.0137040148439,0.0138884193383,0.0217254692288,0.0231016578421,0.0160872412024,0.0274163477536,0.00747085630478,0.0172657761132,0.0,0.00658526932974,0.0,0.0168691789928,0.0390437936702,0.00947422715166,0.0308010992671,0.0,0.0,0.0117767311115,2.2930485911e-05,0.00775451949749,0.028292563531,0.026535407664,0.0140894074454,0.00930871123352,0.0197849561333,0.0250700960175,0.0144365256833,0.035649985106,1.98438678258,2.92795975726,-0.200283871107,0.0642768345015,-0.969696969697,3.33066907388e-16,-0.729421333333,0.410598407085
8,0.0353588559077,0.00608321971661,0.0,0.0,0.00784865018396,0.00489283715932,0.0,0.0,0.0,0.0,0.0,0.0,0.0,0.0,0.0,0.0,0.0,0.0,0.0,0.0,0.0,0.0,0.0,0.0,0.0,0.0,0.0,0.0,0.0,7.05712451711e-06,0.0,0.0,0.0,0.0,0.0,0.0,0.0,0.0,0.0,0.0,0.0,0.0,0.0,0.0,0.0,0.0,0.00624785278973,0.0,0.0,0.0,0.0,0.0,0.0,0.0,0.0,0.0,0.0,0.0,0.0,0.0,0.0,0.0,0.0,0.0,0.0,0.0,0.0,0.0,0.0,0.0,0.0,0.0,0.0,0.00740849117099,0.0,0.00388126695084,0.0,0.0,0.0,0.0,0.0,0.0192164939869,0.0,0.0,0.0,0.0148772555805,0.0,0.0,0.0,0.0,0.0,0.0,0.0,0.0138981344984,0.0,0.0,0.000204147559857,0.0,0.0,0.042744140966,1.37516697346,2.61443704503,-0.0249646912745,0.00488734673418,-0.989898989899,2.22044604925e-16,-0.840721333333,0.32256596161
9,0.0385495813146,0.0452854486791,0.029004072799,0.0280903079864,0.0073017003616,0.0464928256062,0.0306693724323,0.0,0.0186856555691,0.0165766006307,0.00963184797962,0.0111256435536,0.00273119462547,7.46748059799e-05,0.00645900696034,0.0,0.0,0.000489431330933,0.0138529275732,0.00140005076086,0.0196336744955,0.000967926683725,0.000265028190384,0.0203835563246,0.0137619410667,0.00588571379536,0.0,0.00545667785176,0.00989605086882,0.0187826901315,0.00701698493525,0.0,0.000371998858317,0.014855722224,0.00780757932354,0.0,0.00293387700345,0.0152955012853,0.00605504192603,0.000420241702392,0.0107492350795,0.0,0.00657418364617,0.0,0.0169592572616,0.009050291999,0.0144914177902,0.010607329468,0.0,0.000883085765104,0.00324885924616,0.0168213047675,0.0,0.0163158407494,0.0,0.00122705093998,0.00319578963949,0.0,0.00179340668009,0.0,0.00464078818398,0.0,0.0095103309206,0.0,0.00426677604864,0.0106606922907,0.00050838301742,0.0,0.0,0.0120715927477,0.000824730581971,0.0168282266751,0.00062065897528,0.00717853769669,0.0131376737203,0.004825865659,0.0178953873122,0.0265434748019,0.00884204423052,0.0164667053461,0.0,0.0163827415959,0.0,0.00674490332133,0.0082064153567,0.00205769424636,0.00380617373246,0.0216631263211,0.00968258512022,0.00731105186549,0.0157579129613,0.00559488946041,0.0233298608461,0.00427119315236,0.0101382231881,0.0101045245315,0.0175422410058,0.0248096751683,0.0178953636866,0.0452594369792,1.88615778257,2.89655979865,-0.150176785108,0.0428756121147,-0.979797979798,1.11022302463e-16,-0.7512,0.395787500336
10,0.0393884250225,0.0400490703332,0.05,0.0398873114907,0.0303152370908,0.0395596370667,0.0416423921451,0.0340243904087,0.0377241125298,0.0350127758156,0.0376201331184,0.0275363161585,0.0320925611571,0.0270908929372,0.0200995510611,0.015507517676,0.00766443023792,0.0309252644959,0.0356087439028,0.0174846108657,0.0294976778921,0.0144719472345,0.0346356006759,0.0227781136224,0.0175502881424,0.0130700901455,0.00455866811287,0.0279398078558,0.0248874985308,0.0301490221124,0.0139006691698,0.014023388497,0.0163795655824,0.0117627448975,0.0221851914894,0.0194185189311,0.0161595104779,0.00793716636438,0.0183139713133,0.0108969858933,0.00445325379364,0.05,0.0102923075694,0.00527830571269,0.0231544898584,0.012156005614,0.0171332705437,0.0199425162649,0.00706483653426,0.0160904944175,0.0229058792515,0.0236491688225,0.00445714436589,0.0148038140004,0.0081114348102,0.0207407187952,0.023656670733,0.0189210467414,0.00852736822648,0.019889670007,0.0,0.0163124481487,0.0237311418114,0.0145867924802,0.0149298962319,0.0107131591394,0.0116103899594,0.00539111877109,0.0132016475006,0.0212119304002,0.0205125732809,0.0215140302483,0.0127339372882,0.0119884903926,0.0180819297611,0.0228615406893,0.0222779355436,0.0220972733569,0.00892015374694,0.0157840468154,0.00793925673756,0.0171423207233,0.00604632381873,0.0242124679294,0.0241837988985,0.0117752277902,0.0211434597801,0.00965369666603,0.0065701796548,0.0130193266387,0.0,0.0147026854451,0.0226606042652,0.010318509764,0.027386597918,0.0216383835853,0.0075510967998,0.0176926056389,0.0239524357276,0.0359779966172,2.68352629086,3.07376337268,-0.300292237511,0.0996158306763,-0.989898989899,2.22044604925e-16,-0.606596666667,0.438057673156
11,0.0202469653304,0.022026351975,0.0181639993489,0.0,0.00830910726411,0.0168087890292,0.0,0.0,0.0,0.0,0.023599217003,0.0,0.0,0.0,0.0,0.0,0.0,0.0,0.0,0.0,0.0193269189143,0.0,0.0,0.0287184760391,0.00650123325328,0.0169783553497,0.00546793179947,0.0159499929468,0.0,0.00872059321062,0.0,0.0363385138536,0.0111589202101,0.0048905464832,0.0316454572328,0.0130266343527,0.017802811655,0.0202555146232,0.0102624529478,0.0,0.0193421694612,0.00780439861301,0.000251229619666,0.0317856057644,0.0176218776377,0.0450868240545,0.0282009758703,0.05,0.0309671414962,0.0138236797447,0.0,0.0215383240072,0.00945800190313,0.0230357718669,0.0191183407558,0.0378877496947,0.0340549449026,0.0150435062742,0.0147098588093,0.0101762309796,0.0212664265352,0.0362914365387,0.0363403273369,0.0432796515975,0.00822681527544,0.0131233468101,0.0,0.0185339898049,0.0298555683647,0.00224347627861,0.000436896212926,0.033294373351,0.0172350442776,0.05,0.0,0.05,0.0420098158491,0.0284907309056,0.0280365242572,0.05,0.0396181102357,0.00897212638729,7.89180631002e-05,0.0331404760042,0.0171960859015,0.00246560693569,0.0275221081747,0.05,0.0451856931319,0.0436876896638,0.0315716264028,0.0378844701773,0.0403861048842,0.0403579646771,0.0393593797552,0.0340705035101,0.0248153188789,0.010834406377,0.0311828818827,0.05,2.75726880475,3.110075665,-0.150103969719,0.0972438904834,-0.929292929293,1.11022302463e-16,-0.719326666667,0.349348376457
12,0.0463533119936,0.048708569037,0.0467958218603,0.0287857833599,0.0337073620511,0.0329271562138,0.0447169492864,0.0457920581354,0.0392696439527,0.0266842605143,0.0433108320663,0.0331840517521,0.0292079514193,0.048329955211,0.0385681840291,0.0264473448559,0.0493388883257,0.0408942408543,0.0364204501444,0.0414281718012,0.0389031652841,0.0308042980316,0.0449538978073,0.0386774936296,0.0335615506737,0.0412564882874,0.0304201446195,0.0342588088322,0.0339680388768,0.0426612194761,0.0359337446531,0.0211490772505,0.0366897321902,0.0357580032487,0.0376462410219,0.0345952216581,0.0244525017308,0.0278447577213,0.034325576236,0.0337555187134,0.0284700423266,0.0215153446471,0.0301131796428,0.0212732804893,0.0364502354493,0.0251653130807,0.0265673449363,0.029475291639,0.0201360552797,0.00834294078658,0.0411053224795,0.0265547393417,0.00714463608222,0.0244105588653,0.0397103655729,0.0247787739441,0.0233141107631,0.0279861564733,0.0179966439721,0.00702497631009,0.0213988638882,0.0318711463553,0.0353691372817,0.0246348550295,0.0151167596143,0.0312441147229,0.0185725904974,0.0143777012204,0.0260163724832,0.0277439422186,0.0331821492548,0.0150418573879,0.0112184716648,0.0165686876591,0.0382855322068,0.0235805111048,0.0179840627415,0.031162753918,0.0320856477314,0.0186331769961,0.0210662329968,0.0149856845641,0.0332018665699,0.0265931089715,0.0267996225004,0.0193865435167,0.0208192593265,0.0240243261503,0.02354922446,0.0263507970434,0.0170913220517,0.0320909930473,0.0201088445419,0.0172277903113,0.0256149083681,0.0155980288866,0.0227852771218,0.033268615109,0.0219681243978,0.0494667181162,2.99685139688,3.11767157918,-0.40618912241,0.156581713399,-1.0,0.0,-0.551187333333,0.441782809151
13,0.0378976866333,0.0198850317179,0.0102742897772,0.00482413735229,0.0,0.0356819196964,0.0,0.0,0.0,0.0,0.0,0.00173397455964,0.0,0.00287583959606,0.0,0.0,0.0,0.0,0.0057454116396,0.0,0.00225267941366,0.0,0.0,0.00141226516426,0.00410987187133,0.0,0.0,0.0,0.0029383594295,0.00417055699606,0.0,0.0,0.0,0.0,0.0,0.0,0.0,0.0,0.0,0.0,0.0,0.0,0.0,0.0,0.0,0.0,0.0119611914946,0.0,0.0,0.0,0.0,0.0,0.0,0.0,0.0,0.0,0.0,0.0,0.0,0.0,0.0,0.0,0.0,0.0,0.0,0.0,0.0,0.0,0.0,0.000571301048562,0.0,0.0,0.000147852793531,0.00886894869892,0.0,0.0110820789361,0.00225804196485,0.00317384351584,0.0,0.0,0.0,0.0156968907066,0.0,0.0,0.0,0.010609720685,0.00674108348438,0.0,0.0,0.0,0.0,0.0,0.0,0.0153230544022,0.00198889240001,0.0,0.00535584563757,0.00418898534201,0.00640979765005,0.039465064553,1.42346364729,2.63204465568,-0.0509063033824,0.00911614498788,-0.989898989899,2.22044604925e-16,-0.827912666667,0.337026324682
14,0.0364645965446,0.0310833950055,0.0169280894832,0.0206080114782,0.00327437166683,0.0467362814648,0.0210930105576,0.00207608664689,0.00986094795012,0.00462560615437,0.0,0.00568764569312,0.0,0.0,0.00197547434206,0.0,0.0,0.0,0.00468461639911,0.0,0.0149439963606,0.00109485046088,0.0,0.0154095254646,0.010885375831,0.00152012459752,0.0,0.000333069291968,0.0,0.0142659234263,1.61106492335e-05,0.00290535203016,0.0,0.00617659120553,0.00520185684441,0.00174724424843,4.1219497184e-05,0.00900629532847,0.00324099944734,0.0,0.0,0.0,0.00421562499998,0.0,0.00500297986942,0.00146276101746,0.0166554345465,0.00100870220146,0.0,0.00261807137226,0.0,0.0,0.0,0.0172919057967,0.0,0.0,0.0,0.0,0.0,0.0,0.0044441265285,0.0,0.00493405222733,0.0,0.00131057975356,0.011952207679,0.0,0.0,0.0,0.00662808468075,0.0,0.0,0.0,0.00833029569387,0.00842897662597,0.0128048893858,0.015438301755,0.0212798125833,0.0,0.00374272915156,0.0,0.0142750671353,0.0,0.00198399433912,0.000104472885946,0.00154725903016,0.0235025106515,0.00739592575593,0.00533405343907,0.00236844245668,0.0128418274647,0.0,0.0116260908409,0.018675471621,0.00252024702554,0.0177381334216,0.0122518102667,0.0169408316187,0.0125381054582,0.0422001298876,1.69362740302,2.78436501997,-0.100099764819,0.0262007946615,-0.979797979798,1.11022302463e-16,-0.791072666667,0.365542843951
15,0.05,0.0461490937383,0.05,0.05,0.05,0.0387782863781,0.05,0.05,0.05,0.05,0.05,0.05,0.05,0.05,0.05,0.05,0.05,0.05,0.05,0.0460583311962,0.05,0.0473713059906,0.05,0.05,0.0462089149322,0.0457231203881,0.0480001739499,0.05,0.0446324398612,0.0385653821995,0.05,0.0456238852804,0.0364368691694,0.0480071512745,0.0339031165777,0.0257049510436,0.0410717168693,0.05,0.0361620987151,0.0359860317784,0.05,0.0365360503814,0.0165877775235,0.0261895748033,0.0421952694636,0.05,0.031876361913,0.05,0.0215986515329,0.00602681842059,0.00854217121917,0.05,0.0123721078633,0.00104658964177,0.05,0.0361192890411,0.0218883723537,0.0358581225355,0.0414540014792,0.0249147296243,0.00803882546212,0.0394773743207,0.05,0.0306487034263,0.0229247217408,0.016907774498,0.0407262245172,0.0242816063385,0.0350303963607,0.0161854212443,0.0106083575195,0.0460059062452,0.0315916064152,0.015181800098,0.0371125552833,0.0218979464802,0.00927062062762,0.00914759945186,0.0214668339168,0.00603312588204,0.0138588898608,0.0296003327308,0.05,0.05,0.0118696228125,0.00556217525284,0.0230489191147,0.0489661775537,0.0294890262343,0.0275692245172,0.0113769971094,0.0309278866697,0.0361549694057,0.0306283567638,0.0199372532955,0.0232878829756,0.00877070734111,0.00760061369687,0.00487436062071,0.0107975320101,3.37921563694,3.01978651485,-0.500464933239,0.187290509676,-0.969696969697,3.33066907388e-16,-0.462819333333,0.432455318827
16,0.0478238241983,0.0457907279478,0.0464895167268,0.0408018358281,0.0449533335969,0.0338582521644,0.0488464164693,0.0490915199729,0.0483783002207,0.0455175305541,0.0469015836525,0.0409833567109,0.0435560686833,0.037383020493,0.040442052998,0.0178919388605,0.0430049042829,0.0463474683951,0.0472700607488,0.0286443294244,0.0378315372219,0.0305934638475,0.0475621304844,0.0428956787899,0.031424194442,0.0303798234306,0.0265639463385,0.0349318521998,0.0289509157963,0.0264453431537,0.0338134252959,0.014218257563,0.0241262453599,0.015799332888,0.0328997017248,0.0365752071757,0.0249397035863,0.0370426234293,0.0277465189897,0.0197072296532,0.030855699694,0.0176386607279,0.0112256107949,0.00297639324359,0.0231975667931,0.0307408979933,0.0223432618589,0.028905206972,0.0266272858862,0.0177578484283,0.0264771685936,0.0236559887821,0.00559639897296,0.0169325547725,0.0161283063274,0.0192410506862,0.0313809492815,0.0228944434023,0.0244390416365,0.0197458481079,0.00348510245399,0.00681173506192,0.040174807685,0.0264880475612,0.0152960174796,0.0247881437672,0.0204748349428,0.0147132124568,0.0216279582833,0.0119108311627,0.0234698801822,0.0140431628605,0.00428702129384,0.0145894772407,0.0343753256877,0.0218958152501,0.0203978796382,0.0168135271823,0.0239930741281,0.019024087111,0.00924127494116,0.0101412437284,0.00207453256056,0.034637285327,0.0195880070009,0.00185855754529,0.0254639850756,0.0282507461254,0.0174905006211,0.0211558397635,0.0173198895499,0.0274685167774,0.00882550718003,0.00578453248771,0.0328130099882,0.0216628020053,0.014679300293,0.01486315136,0.0279690823053,0.0430691565656,2.99892485053,3.09383086428,-0.400200705193,0.138014092953,-0.989898989899,2.22044604925e-16,-0.541586,0.447603504136
17,0.0404768582873,0.0359388203687,0.0376997592754,0.0481810200183,0.00620476414376,0.0453345501374,0.031717192098,0.0162176287771,0.0425573809979,0.0266018161583,0.0233320358613,0.0262822798282,0.0142104233402,0.0,0.000859967428665,0.00108937085483,0.000837846761962,0.0126820144189,0.03807197175,0.000265190649143,0.00371351559429,0.000612203929541,0.00141565951511,0.0133390962583,0.0145799361865,0.00318839101038,0.000838985852242,0.0118106357408,0.0102928095467,0.0170483872525,0.0476565196639,0.00483176365303,0.00130501535502,0.0200510771875,0.00113019171389,0.000842410526725,0.00211283992322,0.00100847331516,0.0239488998395,0.0174596869612,0.00393365737879,0.0393422880884,0.00105952233062,0.000693075592708,0.0252946148999,0.00133272857326,0.0172061594717,0.023929274775,0.0143650245254,0.000965289479279,0.00663973777655,0.00783923945492,0.00730884311612,0.000498881241847,0.00197452353662,0.016533551972,0.0194642161958,0.00156867268881,0.0047457274395,0.014201402437,0.00123939417444,0.00145457835755,0.0204917327885,0.000887672225741,0.00510711500095,0.00743409907777,0.00353331842758,0.0010587540964,0.0178636683603,0.011773320398,0.0117338243559,0.00539258563052,0.00239932746862,0.0167165215524,0.00916163099198,0.000600879560929,0.0122786937271,0.00628083459108,0.000737303135774,0.000805601558592,0.0,0.014650022421,0.00115819862312,0.0190852400639,0.0197243315527,0.00100380332425,0.00175361110311,0.00219838407319,0.000439733604339,0.000302875992861,0.00169975798384,0.00165120418082,0.00132128277014,0.00537366461689,0.0429171638941,0.00614605820042,0.00836937093161,0.000147112162047,0.0186704859295,0.0436445886254,2.03528625804,2.89700472012,-0.20029308421,0.0563249289077,-0.939393939394,1.11022302463e-16,-0.714974666667,0.414404050579
18,0.0413294538732,0.0328613510898,0.019852472058,0.0250795556787,0.00858423942896,0.0103756095713,0.0,0.0458021808098,0.0268754081528,0.022582455406,0.00338180762625,0.0162766843,0.0178055697123,0.0200837829966,0.00288335951031,0.0460631361288,0.0460833837265,0.0214618940254,0.0188704090686,0.00245524606263,0.0274921171094,0.0114548320441,0.0217706011193,0.0405107420848,0.0249702601732,0.0233827717296,0.0422879707028,0.0396746358345,0.0019090527745,0.0291954380771,0.0224249177432,0.0355298228794,0.0322678184559,0.00466942852992,0.0281662556625,0.0289629187904,0.0372380030312,0.0465981490296,0.0087644960424,0.00578038731026,0.0410819756324,0.0258916279594,0.0344532031551,0.0352593521652,0.0480780078898,0.0473240428345,0.0479448433495,0.0470616747659,0.0383033110354,4.89090741667e-05,0.0,0.0272675609745,0.0176597940893,0.0131928245917,0.05,0.0337295551514,0.0474599733662,0.0420696880248,0.0487443313848,0.0428187617133,0.0275561347435,0.0360451461988,0.0259102065526,0.0388272466418,0.0324618784506,0.0243682578278,0.00648985997045,0.0455069608038,0.0460063462346,0.00385148998919,0.00892559065883,0.0459386644526,0.0413065044344,0.0332330919882,0.0368927334968,0.0253635479197,0.0108617365386,0.0254518982131,0.0307634839112,0.0289331602976,0.0288745461394,0.00386099690158,0.0245353080506,0.0455699289281,0.0315220186868,0.0184802509955,0.00236577215892,0.0383566978244,0.0451825192226,0.0448855909298,0.0290479663012,0.0350766762105,0.0322962130095,0.0236193423348,0.0271033608924,0.0124206364222,0.0289742935019,0.0168327117694,0.024591574486,0.0363328400502,3.01546185787,3.14059572749,-0.300237392064,0.148767349851,-0.929292929293,1.11022302463e-16,-0.612438666667,0.399646133716
19,0.0403506133585,0.0358193622735,0.05,0.0431905693615,0.0116163632198,0.05,0.05,0.0127245491264,0.05,0.0463172583293,0.0478979115168,0.05,0.00608610025516,0.0,0.0239151543435,0.00625055729774,0.0,0.0174217475389,0.0455319249513,0.0135748508295,0.00741178821298,0.0,0.0312744167241,0.0156438663584,0.0,0.0182951679237,0.0,0.0162082927456,0.00556677937404,0.0233751114784,0.01648648621,0.00173043337719,0.00511051108474,0.00559002436269,0.0,0.0,0.0,0.0127848976904,0.0142380843671,0.00698028052362,0.0289069401919,0.0179594977219,0.0,0.0,0.0264805043061,0.018222838603,0.000793134645098,0.0160901852688,0.0,0.0,0.0404621542748,0.0225797554987,0.0260661833049,0.0,0.00804192175204,0.00706162991968,0.0171821421832,0.00305744808291,0.0118891988219,0.029768746877,0.00300908848946,0.0216367378648,0.0133084376194,0.0,0.0205233212492,0.00209221939615,0.0279322750338,0.0103375280117,0.0131969547131,0.00694279638967,0.0290848787423,0.0152427259053,0.00292027528228,0.0100595388719,0.0,0.0175685939041,0.0209906872587,0.00115045474403,0.0,0.00912300752455,0.013374331713,0.017605320649,0.0105107048962,0.00261884951745,0.0331851118787,0.0199472232055,0.00326089881204,0.00433256100649,0.0,0.0,0.0181907350115,0.00228995408272,0.00522980805109,0.0425604394688,0.0267678350168,0.0,0.0258373778606,0.00880406895682,0.0226626128477,0.0310208592342,2.57127552353,3.04750889782,-0.253884705927,0.0749105258109,-0.929292929293,1.11022302463e-16,-0.628860666667,0.439945743028
20,0.05,0.0389075468078,0.05,0.0422261235177,0.0487681073516,0.039466665912,0.05,0.05,0.05,0.05,0.05,0.05,0.0439017082434,0.0484566102866,0.05,0.05,0.05,0.05,0.05,0.0433394117003,0.0461685165716,0.0479318262021,0.05,0.05,0.0441252888285,0.0422426086136,0.0365693219324,0.0386146715404,0.0422212268499,0.0423103297503,0.0436343181538,0.0249663595928,0.0241851288446,0.0234966478612,0.0354885507811,0.0446770262426,0.0379232598865,0.0294895550616,0.0279272509698,0.0323804217692,0.0289150629508,0.0243902303998,0.0107781327612,0.0012738136993,0.0240145620951,0.0335949899474,0.028214013467,0.0198505473691,0.0337325449485,0.0138648366815,0.016345615305,0.0185365045021,0.0204373753095,0.0191252662862,0.012120159043,0.0207007774893,0.0163990786802,0.0327357934177,0.028007358558,0.0130082141289,0.013380983772,0.0229867557072,0.0401069476617,0.0219265825421,0.0145900282449,0.0303507459782,0.0123123504461,0.0282404720289,0.0197705535636,0.00865131910148,0.0297978530421,0.0133735277389,0.0122021591716,0.00836221007825,0.0314644170409,0.0379909642652,0.018956059524,0.00727736148645,0.0321888953276,0.0229147212866,0.00501722231148,0.000128555356089,0.0367145580189,0.0259922533007,0.0163343511312,0.0213446257336,0.0163180010972,0.0149686154976,0.0239684661441,0.0219545363616,0.0150899006744,0.0303340588207,0.0166150319296,0.00513813659684,0.0208265117884,0.0110324158233,0.00908988278091,0.0104437558202,0.0340531329072,0.05,3.31457394962,2.9990898203,-0.454001697087,0.158139708627,-1.0,0.0,-0.473032,0.431724861712
21,0.039194355984,0.0224203147758,0.00609811513309,0.0452262518694,0.0491622038475,0.032478500958,0.00541592352218,0.0135153467329,0.0164635999926,0.0192524207102,0.017969329962,0.0119948620121,0.0050038117267,0.00833310554929,0.024818138508,0.00712921597462,0.000359298382038,0.00900291933648,0.0493289075504,0.0371748091507,0.020108523545,0.000139335786987,0.0193422540055,0.0414684775455,0.0219176085375,0.0178525024447,0.0130284892193,0.0441342985826,0.0201117819587,0.00261312816353,0.0,0.0294958114528,0.0436539790999,0.0396840855921,0.0361397596173,0.0365305846233,0.0284890269362,0.0388208355612,0.00622522159392,9.5114618554e-05,0.05,0.0348795074549,0.0487030382489,0.0303006480402,0.0408516895181,0.05,0.05,0.0498790270389,0.0453240479215,0.0108169026093,0.00033704692852,0.0192185311739,0.019607152466,3.95234053542e-05,0.0301387233148,0.0491437416691,0.05,0.0481914348863,0.0499941517816,0.0460360719697,0.0305358540499,0.0491529899131,0.0492196628221,0.0493606030096,0.04894757192,0.0322677821219,0.00470821329036,0.0469853770188,0.0498440634876,0.0273995932383,0.0484588758445,0.042057502534,0.0495551941627,0.0497975116872,0.0336022033751,0.0338371265698,0.0169653724104,0.03732140869,0.0460452563584,0.0415224507008,0.0317291210176,1.18100050755e-05,0.0454297946173,0.0463546810896,0.0103461163442,0.000890373025945,0.028239348712,0.033931296769,0.0491659506193,0.0499508919194,0.0498424042997,0.035696364249,0.0378314722294,0.0352104738204,0.0426329124577,0.0339343850347,0.0405612393028,0.0286607184213,0.0459069149101,0.0470112921663,3.17262296814,3.09938215031,-0.308298052274,0.162641249507,-0.919191919192,2.22044604925e-16,-0.609299333333,0.391048816333
22,0.0487912810436,0.0443326139046,0.0442453987829,0.0379222043955,0.0395422707116,0.0334410911795,0.0496169189156,0.0386131616176,0.0388442885924,0.0429014129103,0.0469847493612,0.0454707716606,0.0407420021915,0.0476975553806,0.0407763870618,0.0402964098252,0.0426680746618,0.0464039092654,0.0447329574321,0.038139988929,0.0389610922752,0.0425366539076,0.0378655102796,0.0437397052467,0.0396540928871,0.0343279870213,0.0392794202858,0.0461207067929,0.0424138278298,0.0350555748039,0.0368826080546,0.027692223458,0.0205333114226,0.0243730616066,0.0241928913364,0.02394717282,0.0353940022017,0.0252980041489,0.0177153679419,0.0296267048162,0.0282672566146,0.0199471493652,0.0131639495959,0.0131509421493,0.0203909737983,0.028442122952,0.0188830876119,0.00513397242878,0.0235084481288,0.0144018511843,0.0279463187459,0.00882414338823,0.00611176996411,0.00838215636391,0.0272168623677,0.0166530471792,0.0232833040378,0.0219815907371,0.0202009466448,0.016613278979,0.0180922804909,0.0255634892327,0.0185600188147,0.00313746467073,0.0126414302142,0.027370661196,0.00986713789631,0.0251833411959,0.0125484829855,0.0111874878496,0.0223540846105,0.0169640843057,0.0212860813665,0.0078063586133,0.0164452962027,0.0139840614732,0.0150124736701,0.0102322203147,0.0279061995973,0.0164346460695,0.00972344418701,0.00153112230061,0.0231475806866,0.017590917651,0.0155869282967,0.0,0.00536694257547,0.0206876671555,0.0203208419378,0.0197937400962,0.0144759457351,0.0141784614278,0.0245286253369,0.0119196373267,0.0111466781569,0.0138728836605,0.00648862024621,0.016331079034,0.0362731518845,0.0451970634668,3.09469612261,3.04859004555,-0.401022041191,0.135739408051,-1.0,0.0,-0.52216,0.436925094623
23,0.05,0.0440982568762,0.0447832506021,0.05,0.0429130146031,0.0441890592557,0.05,0.05,0.05,0.05,0.05,0.05,0.05,0.0493556259528,0.0474658921146,0.0494856126838,0.05,0.05,0.05,0.0498959047021,0.0445819939311,0.0445194951923,0.05,0.05,0.0436674110579,0.0360429209361,0.0243731274443,0.0460487253256,0.0494530540308,0.0295764018734,0.0341977968237,0.0235054799294,0.0235756148238,0.0059210571707,0.00296674543129,0.0218559777881,0.0250240865105,0.0275384720705,0.0115453828502,0.0242870238569,0.00666402282814,0.0129531527434,0.0119956827355,0.0215154694909,0.00952841073692,0.00450701306213,0.0112795047488,0.0157169102961,0.010813588733,0.0135510656898,0.0283990074008,0.0142718766789,0.00429809552252,0.00991508129749,0.0154383964407,0.0141824191705,0.00233395778396,0.0032335311764,0.0161641818668,0.010409989711,0.00280927625408,0.00313605791962,0.0258040151037,0.0209532113878,0.00577056595491,0.0230294115257,0.00717101014145,0.0170051066477,0.00455137878995,0.00458546111001,0.0211871462558,0.0119390714897,0.00202273810807,0.0132912226751,0.0226317672733,0.0133842648839,0.00655727037381,0.00589696477537,0.00879454734009,0.00259008191121,0.00572444047482,0.00600450375265,0.0224825230014,0.0191906165842,0.0195161974452,0.000446589220974,0.00329410982162,0.0184187104534,0.00847378863452,0.0141357855664,0.00630476977823,0.0173921093269,0.00496868838206,0.0,0.00834254062696,0.0173229763829,0.00248234096639,0.00834069588571,0.0357880615014,0.0421566663678,3.27135116358,2.98077928924,-0.412860526952,0.121996595613,-1.0,0.0,-0.474909333333,0.434742593626
24,0.0496480432342,0.0430584810076,0.0492497269795,0.0445955735198,0.0446695296353,0.0321699185319,0.0480618152434,0.05,0.0495108889478,0.0484561343277,0.045796777144,0.0433194456859,0.0483892133958,0.0307269204915,0.0375454046008,0.0389713080378,0.05,0.049598364659,0.0457205977438,0.0254477827479,0.0442578596302,0.0268828892224,0.0457113113627,0.036370777615,0.03129187453,0.0332314406084,0.0333957322175,0.0355312164311,0.0187526654612,0.0323523378974,0.0367461219266,0.0312391482865,0.0175612787175,0.0343742707708,0.0479990804298,0.0445025044107,0.0293859589581,0.0458837079369,0.0312328420864,0.0254311447613,0.0402503458548,0.0245345783403,0.0152151841288,0.0349098718425,0.0427426869145,0.0418511442655,0.0243287595121,0.0149216902215,0.0374519616334,0.047348679229,0.0425570674456,0.0229813957494,0.0318025942151,0.0214921044245,0.0416261005923,0.0344301284567,0.047013033287,0.031453908304,0.0262083475554,0.0225031363597,0.00624896659768,0.0487725672803,0.0371161041003,0.0350134135453,0.0317589180271,0.0332028909603,0.0311412939991,0.0173222712576,0.0262679207773,0.0209289920921,0.0379234661584,0.0463320133327,0.028549943999,0.013855051217,0.0383232667624,0.0190418240367,0.0104283623128,0.00717244141436,0.0374527457843,0.0217684437286,0.0248064205711,0.00491980132805,0.0341227859368,0.0424430684717,0.0182328926011,0.00404048084365,0.0228621907654,0.0398932520725,0.0424932814302,0.0306626934761,0.0443720555157,0.0342733887965,0.0341945862406,0.0225057836838,0.0200005281171,0.0321058657883,0.0152316379942,0.043148572299,0.0310708064637,0.0476254261268,3.12957570439,3.08996731973,-0.450699154076,0.176810037005,-0.979797979798,1.11022302463e-16,-0.520444,0.441459074758
25,0.0474317537432,0.0499697591441,0.0387526737426,0.032351672319,0.0288489644515,0.0401873647384,0.0386098115545,0.0340087728292,0.0363274396024,0.0264434463555,0.0287592771083,0.0302027478492,0.027485511215,0.0229011620406,0.0255899051569,0.0202297985474,0.0289584475451,0.0285480145505,0.0248606820243,0.0173609505253,0.0272004825738,0.0133530537463,0.0214504221539,0.0312507640947,0.0168944336195,0.0170449042812,0.0177836250014,0.0178409951989,0.0143736993595,0.0289623413079,0.0268919338292,0.0130899201201,0.0225668304891,0.00733804214998,0.00249374738254,0.0275339876863,0.0142507741518,0.0221365254599,0.0188048893406,0.0116375228675,0.0309851962824,0.0141137026308,0.0101302114031,0.0193209222631,0.0312249813067,0.0227388949194,0.0217912298551,0.00655033855485,0.0319751696153,0.0135745939264,0.0239300182836,0.0118070967554,0.00136504744247,0.032587172378,0.0243419585215,0.0136518357652,0.0225954834518,0.0202280780624,0.00358354569517,0.0194442279722,0.0,0.020839596956,0.0184992417439,0.0190899870252,0.0177663836686,0.0253263100711,0.0154646558829,0.0082447943064,0.0126458593865,0.0175730044793,0.0297214867709,0.0214064714669,0.0221054245969,0.00900092633271,0.027989330932,0.010207066453,0.00868125594537,0.0326193028101,0.0197192569064,0.00546771738122,0.00967614157407,0.0121120051785,0.0116206440054,0.0218338035939,0.020455596905,0.0122775798626,0.0235760126451,0.0231597938041,0.0153845035513,0.0155404689207,0.0271303905581,0.0184108804705,0.0202735655947,0.0196152966964,0.0107713088842,0.00618238211134,0.0182364052753,0.0252005315011,0.0204550887231,0.0299176465705,2.62532177456,3.0949774322,-0.303321767547,0.10564659152,-1.0,0.0,-0.621274,0.437615689227
26,0.05,0.05,0.0449463100713,0.05,0.0398511638686,0.0408605658875,0.05,0.0352953822678,0.0372002382575,0.0456173663979,0.05,0.05,0.0446218755409,0.0435181776079,0.05,0.034929082675,0.042621833505,0.05,0.0250301947643,0.048873795429,0.0445183660333,0.0473050705965,0.05,0.049960773913,0.0468156855627,0.0272445738071,0.0374735589102,0.0309678131805,0.0168316096696,0.0423796705406,0.0330481962415,0.00790121533475,0.00368828356612,0.00835255727293,0.0,0.0127729553061,0.00498411564001,0.0,0.00742175345124,0.0,0.0184309259022,0.00416144076832,0.0,0.0,0.0126299249776,0.0,0.00556765417927,0.0,0.00404579842825,0.0168760780983,0.0173739190081,0.00309372883861,0.00378535421185,0.0,0.0,0.00507529763993,0.0,0.019350109347,0.00105308942754,0.013970303913,7.28057094485e-05,0.0,0.00136379871762,0.00789900163838,0.0,0.022527317091,0.0,0.00843425697145,0.0,0.0121549284114,0.000126003326893,0.0,0.0,0.0,0.00299716193242,0.0,0.0185211734448,0.0,0.0,0.00668447580026,0.0216296077222,0.0,0.0124423932384,0.0146258986485,0.000786346325431,0.0131673974255,0.0022866458686,0.0,2.23178552772e-05,0.0,0.0148575157491,0.0,0.0,0.0,0.0,0.0023816886201,0.0,0.0,0.0157790411617,0.05,3.08668498795,2.99989696038,-0.353569268986,0.0878612001222,-0.959595959596,0.0,-0.513469333333,0.438403095987
27,0.05,0.0496523010618,0.05,0.05,0.0331560327195,0.0314036021695,0.05,0.0338910406171,0.0321152086561,0.0487144492155,0.048109222759,0.0482884755268,0.0363356596737,0.0411907216043,0.0458033998179,0.0351072801095,0.0436001429333,0.0484014606242,0.040178570766,0.0425133765328,0.0357480443166,0.0439984246213,0.0467005407718,0.0452193106987,0.0421702665466,0.0259104760414,0.0367051148433,0.0310151937949,0.0125847246217,0.0437916667887,0.00446280358696,0.0138223536091,0.00494246357834,0.0252386698559,0.00771561253212,0.0344663074972,0.0236750489614,0.0043005257581,0.0152797903986,0.00387825698021,0.00727108963934,0.00325802906864,0.000706758590204,0.000272395321356,0.0159266397182,0.00676275691404,0.00432373894246,0.00439514969832,0.00675604809366,0.0239358461239,0.0180535776173,0.00729938187445,0.0,0.00413929547841,0.00547842569785,0.0126529510046,0.00569605587633,0.00365914315392,0.00190990320023,0.0107878860057,0.00296492813422,0.00169652625844,0.00947331330488,0.00174237912524,0.00174433253852,0.0226934887931,0.00462312343016,0.00193480251663,0.00331012707283,0.0224075039936,0.00454803075673,0.00281812438189,0.00103584397423,0.00860335051748,0.00365912471805,0.00207581214931,0.0069899376872,0.00396128690428,0.00196563486816,0.0128694333235,0.0169151928766,0.002578139838,0.0026968032395,0.0216268689712,0.00320878412449,0.00683059003261,0.0123415188026,0.00233334078012,0.00465015578952,0.0032894075623,0.00171025189465,0.00286619649265,0.0160685044042,0.00189675958274,0.00232947215527,0.00376011653972,0.00226488610117,0.00262547147446,0.013798576972,0.0491433267511,2.98909635491,3.04585546064,-0.351066741878,0.0930804199188,-0.989898989899,2.22044604925e-16,-0.539256,0.443277910192
28,0.0473220328863,0.0393892014972,0.0331978131896,0.0457466513614,0.0121777435375,0.05,0.0477264512612,0.0140012986696,0.0380498890355,0.028347885429,0.0225434746618,0.0229933387421,0.0119405996818,0.00323834700689,0.0106103353713,0.00730036502602,0.0053915198396,0.00916397618231,0.0309318213432,0.00495941764601,0.0132346683705,0.00440347131963,0.00306207219749,0.0212280679643,0.0198095080439,0.00859785572349,0.00139226934563,0.0124142943067,0.0140482801508,0.0160784925255,0.010810631169,0.0,0.0,0.000665843929319,0.0183115536324,0.000142560806159,0.00523030906571,0.0076857717869,0.0156221588479,0.012159728079,0.0045706387731,0.00941724746037,0.0,0.0,0.0183043347052,0.00147720165815,0.0105625667267,0.00834775730738,0.0,1.04374463411e-05,0.0108538901104,0.0081334468177,0.0,0.00641475778174,0.0283320967872,0.00657177717713,0.00948228440294,0.0,0.000527330447132,0.0130202776829,0.00382886769732,0.0145052703946,0.00865138777986,0.0,0.000147086551974,0.00850387659286,0.0,0.0,0.00515467235502,0.0149322062707,0.00633881106532,0.0,0.00151582580655,0.00378743890559,0.0109502477226,0.00334262134853,0.0153878363147,0.0103316526404,0.0,0.0,0.0,0.00962301722425,0.0,0.0105471429774,0.018111120611,0.00423734398663,0.0116519591727,0.0,0.0,0.0,0.00118221272499,0.0,0.0053862790443,0.00921590360095,0.0214050880274,0.00193492002583,0.008305693034,0.0105764798791,0.00590840840321,0.0422316124566,2.12011642732,2.88148244424,-0.202813271167,0.0490918331211,-0.959595959596,0.0,-0.697158666667,0.420528264267
29,0.0377409024252,0.0195715782089,0.013755756678,0.0135806378742,0.0366376240794,0.0040489990394,0.00526164482703,0.0275814571572,0.0345597864997,0.0293993677614,0.0403551976661,0.0276386921514,0.0145339204834,0.0166493302716,0.0346853915152,0.0215836561749,0.0105206067349,0.0244910104032,0.00743915572703,0.00968114317203,0.0346034424608,0.0322155289503,0.0453683804015,0.0488727229255,0.05,0.0327698341663,0.0298984831967,0.0487696605593,0.0385118670502,0.0293346824193,0.0169014343938,0.0168964925029,0.0479052902663,0.0334660973245,0.046226263665,0.0478228337437,0.0396355320235,0.0477858348363,0.0,0.0128934756533,0.0451076712968,0.0492456670003,0.0492769905183,0.0495960184039,0.0467103782508,0.0470704838462,0.0492591268138,0.0214975113565,0.0451729487405,0.00315201762137,0.0272902108922,0.0497806557183,0.0378861489328,0.0,0.0456937245638,0.05,0.0393803829048,0.0445844511239,0.0484267515089,0.05,0.0367196988769,0.0454983469715,0.05,0.05,0.0315315275992,0.0139746980425,0.00500972558647,0.046257047511,0.0485858028959,0.0,0.0333679985085,0.0483348577235,0.0450454362097,0.0488140501428,0.0465128401242,0.05,0.0241504954825,0.0232465111937,0.0478639047191,0.05,0.0471199758457,0.00985538488251,0.00399311274616,0.05,0.03306519277,0.016894966461,0.00326489344082,0.0497820077879,0.05,0.05,0.0440454570521,0.0461839198856,0.0287464755654,0.038486613919,0.0446497946147,0.0319471743808,0.0248896090516,0.0237155327978,0.0477793951233,0.05,3.24146568742,3.09886254491,-0.350252879545,0.183521814896,-0.919191919192,2.22044604925e-16,-0.576180666667,0.399908607259
